order_id,order_money,rider,finish_time
26,6.207832426557037,40,53
12,5.709614262131678,40,57
50,4.8845467635747895,9,57
36,11.383285759936193,37,58
45,3.9291386784210807,33,59
57,11.538744577946352,46,60
28,10.161747398300717,3,60
55,11.411881009505644,24,61
27,10.877361557316373,40,66
43,11.793648377307514,37,66
25,10.919736799278128,3,66
46,7.284083996543261,47,67
54,4.917781376777484,36,70
18,10.27959159480378,6,70
53,4.440336095210113,35,71
52,11.609935115289703,41,71
38,3.485755766585947,7,72
35,3.718452887059091,20,72
49,5.108240016026999,9,72
23,7.611978243704453,6,73
32,3.1844825585720726,20,73
10,3.9172999882905355,42,73
58,3.6639568881694418,46,74
0,7.716381143055143,17,74
7,7.584770954226986,17,75
5,11.739418292232182,17,75
59,6.536232260053847,31,75
2,7.602349351157253,17,76
47,10.435530589034549,7,76
61,6.940919566888168,14,76
44,5.8647740872467065,47,77
21,5.000130338633372,33,77
51,3.908406407673126,41,77
8,11.66211521735479,17,78
37,3.4692434069216076,33,79
70,11.821768315077701,41,79
40,11.93234562554084,37,79
56,7.77043027978504,24,79
17,6.963403065057071,40,79
24,10.539972968010247,40,80
29,11.167182908393293,3,84
4,11.211759261108524,22,84
65,3.4834053625850614,5,84
79,7.879444334305341,14,85
13,11.072147899556139,22,85
77,4.786625783203605,8,86
68,6.546935736214014,0,86
1,4.795910213802097,42,87
83,3.67709935182083,39,88
11,10.633788805388418,22,88
62,11.724709021308518,26,89
60,4.079776436628465,49,89
67,10.726781459221522,16,89
3,3.891306634300598,42,90
14,11.15574363645056,22,90
33,3.2017784532072646,3,90
64,7.306181012887994,34,91
71,3.7466564001741376,30,91
73,6.834060290830594,37,92
9,6.2452256923092,42,92
30,4.445814272122458,20,92
86,11.952850705110212,21,93
48,6.969087621129518,47,94
19,4.284296425644227,20,95
6,7.047842219572621,42,96
15,3.698658335362314,20,96
16,6.788300569162308,6,96
74,4.5115670285978995,17,97
20,10.294095766832694,6,97
76,11.183663866126691,2,98
80,3.6858701519645223,35,98
91,3.62804479239213,9,98
39,5.386509863043301,47,99
41,7.942299340305232,37,99
42,11.626827394872784,37,99
78,4.473895758873546,6,99
92,5.684107597917754,44,100
66,11.962555186581785,39,101
34,6.209105001636803,47,101
84,11.723331737821894,13,104
72,3.458791714771951,48,105
69,4.3765722563166864,22,105
82,7.0359926893647895,12,106
88,7.055215897608597,0,106
31,10.320191198353069,3,107
63,10.32149217037877,34,111
75,5.902670492269373,11,111
22,10.49584332310624,6,114
81,5.039161814105773,10,115
93,6.8552747968345,11,116
96,11.54004189303543,39,120
85,6.969095595666374,31,123
89,3.5022942003382305,36,124
90,11.301625359599571,30,124
87,10.847281968074869,33,126
94,7.502543327998875,41,131
98,11.049875406653443,39,137
97,10.279371336058368,39,139
108,11.466923268911644,17,155
112,11.349694643510174,17,155
126,7.790887238751787,3,158
150,3.0993828086113737,32,158
101,4.70911754106152,20,159
102,4.414198617045162,20,159
159,11.689893744060697,1,161
147,10.715043169267526,46,161
162,11.847973959431272,25,163
111,3.1642335024011357,20,164
143,4.699290812677804,46,167
163,10.779361528309106,34,167
165,5.167689574205877,43,167
169,3.6514869303408615,16,171
131,11.009384174111043,3,174
168,7.143749834359757,42,174
121,11.082745880901564,37,174
160,3.856917660132143,18,175
177,4.936167526358723,9,175
103,10.757036099417382,22,175
154,3.2665978060223075,32,176
107,11.592844280549244,17,176
104,4.83419037802779,20,177
182,11.591604542338054,0,177
141,11.419396291814785,26,177
110,11.940353348051387,17,177
109,10.956368828613385,20,178
148,3.870232973944525,32,178
128,10.686886999077718,3,178
123,4.77445772741468,6,178
183,10.35857923705143,28,179
152,10.76035105942119,40,180
145,3.2755259910817736,32,181
129,11.6673207571273,3,181
161,3.3284975088185944,7,181
185,3.0999560791121903,41,181
166,10.951500167508158,14,182
164,3.8140851888453944,38,183
157,4.242884772444956,32,184
133,4.819225197270612,46,184
172,3.760005261735183,27,185
186,4.297605832252184,41,186
116,10.8551930722407,24,186
175,6.18641612760841,31,187
142,4.092289149598132,46,187
189,3.246583434025797,47,188
167,11.102306907080305,8,188
170,5.940580401785592,16,189
134,5.638007157773261,48,189
176,5.704185472841415,31,190
99,5.70617745491508,22,190
125,7.647126541354218,24,190
144,10.280799300489402,48,191
115,10.457926518534746,24,192
178,7.932138296521638,9,192
174,11.242087681870675,4,192
100,11.12816180648637,22,193
95,6.767430662886105,22,193
187,3.61436131805723,7,194
130,4.07729700557399,6,194
120,11.30743101829059,37,194
181,10.01292273602264,0,194
158,5.710997208964802,45,195
200,5.952331672865478,36,195
146,7.677688004187745,40,195
127,7.43976571540532,24,195
188,3.8667642769291124,7,196
132,10.684374074029694,3,196
105,7.2414723291224155,17,196
122,6.532593541542863,37,196
191,10.41594426872009,21,197
114,3.625623263045138,6,197
151,11.803135300068332,40,197
155,5.265065630688165,45,197
198,6.832918345134027,38,197
113,5.998045109631398,37,197
149,4.335686149735066,45,198
117,6.190448744159118,6,198
135,10.63572996761615,26,198
140,3.452247482912874,45,200
156,4.064105888102425,45,201
205,6.82628710591431,20,202
190,10.494811401465347,47,203
171,11.202271220080732,27,203
184,11.829666233893866,10,203
180,4.4881597197346,20,204
179,10.473716486415661,33,204
153,10.874384126472465,40,205
195,11.997569607189305,4,206
139,5.364731471169728,46,206
199,10.638817995622224,11,208
138,6.721720387724385,40,209
173,7.867983934810239,4,210
106,10.56340548379142,22,210
193,3.6934510712044273,43,210
201,6.463335343062502,0,210
124,11.016686840821537,24,210
202,6.451269349796957,18,211
137,5.793321609158898,48,211
192,7.573099890157494,12,212
215,10.278116630115019,49,212
119,10.839396881967692,37,212
203,11.74522032806571,16,212
194,3.632722318668421,43,213
219,10.717105364763446,27,214
118,4.593338550786868,6,215
136,10.882276266248192,26,216
206,3.8652467004840667,29,216
217,3.6829775994508607,4,217
204,4.244593172601915,7,217
223,5.479380849308049,32,218
196,11.663816734042312,25,219
208,10.027391845614945,45,219
224,11.74349969263988,13,221
211,5.217512127753255,1,221
209,10.739482834769264,21,221
226,4.5875165641290465,24,221
197,6.9481899211935385,27,221
210,10.816783882569077,2,221
213,5.047652239919038,6,223
214,7.795208780116633,40,224
212,11.827523008008166,31,225
207,11.139005142330145,28,228
218,11.09065499256792,47,229
222,7.281685120227902,39,231
220,10.313965905087583,46,232
225,10.196542356142462,37,235
228,10.054500031202169,2,240
216,7.727362882877559,42,241
231,10.110595846140033,39,248
227,3.2062452326134694,20,250
236,10.353500774453693,39,251
221,5.080952260719588,8,251
238,3.2378070313500835,39,253
229,4.4214331764905666,39,254
276,6.209763053838591,0,278
273,11.551295611835735,22,279
288,7.1071427686356845,45,280
254,3.1996772619165323,12,280
289,3.4366651700395208,21,283
293,5.011458610563869,41,283
278,10.270507396673299,0,285
242,10.492709162025468,3,286
241,11.31918142803579,3,287
247,6.649360941046575,17,287
296,11.929123812495675,24,287
240,4.1466683211704245,48,289
239,7.333944376868889,26,289
230,10.503944031502888,3,290
297,7.801883176056664,35,291
249,10.088698013758831,17,292
259,10.229300338831102,48,293
235,11.55677958412604,3,294
304,11.565922228118914,34,294
244,7.951601828394097,17,294
272,6.803768530953551,22,294
290,3.899068537521627,18,294
267,11.656279878182659,14,295
257,7.3325336997511945,48,295
274,10.276547425575933,22,296
237,3.056476461734116,17,296
270,3.2556131244135624,42,296
251,11.611380901855778,15,296
309,10.100451462220242,10,297
271,5.675047381288222,22,297
292,10.164769917513047,9,297
248,6.740203669252001,15,298
314,7.332860913288494,31,298
283,11.262868522726613,45,298
282,7.778794206039514,45,299
253,6.8963373049350025,15,299
252,11.971173238894265,15,299
256,7.823501770336468,48,300
280,10.2313011279241,0,301
275,10.036548888294586,22,302
277,10.730457961763449,0,303
265,6.442608950434309,38,304
260,4.285448165145723,48,304
299,3.8217945003141534,27,305
243,10.441969552847846,26,305
262,11.944193673882237,38,307
255,6.5695863699996355,15,308
305,10.98561254867089,22,308
245,3.1738870519703903,36,308
233,11.986621931915268,3,308
300,6.890524664524271,3,308
264,6.264777911788464,38,308
246,7.623517523350344,26,309
287,11.59825180286075,36,310
286,10.981168314419987,36,310
303,7.636875551114678,23,310
291,7.90755042892301,43,312
232,3.8430114749573008,17,312
263,11.226223398638323,38,312
298,4.3033682806263,7,313
269,10.532665809740227,14,313
320,3.8630748164746005,16,313
294,10.685403687929378,44,313
322,4.318299961145513,20,313
284,3.6462309166233906,42,314
321,11.808003608467056,39,314
268,3.1086993568038834,36,315
295,3.3947019222237107,13,315
279,5.250453652254379,42,316
266,3.854893627972704,14,316
318,7.411932762159984,18,316
313,5.453193355138751,31,316
258,3.033227832966011,42,317
250,3.7953536362853706,14,317
329,7.448095851043204,21,318
281,3.298780232650972,42,318
302,3.5033834481651605,32,318
323,5.882833179743624,15,318
234,3.6474737797394705,14,320
301,10.177039697692956,49,320
311,6.930658214868224,12,321
310,7.975672167320253,5,322
335,11.62803097495295,0,324
307,7.622262522536041,0,326
336,6.773295969539882,3,326
306,6.391067919055415,28,326
315,10.824221237769747,37,327
328,10.71174691360784,7,328
330,3.4363151589190544,11,328
316,11.305631259815321,37,329
317,10.691004764924333,14,329
261,11.303060326510247,38,330
332,7.5123701534346345,40,331
346,6.5928756706322025,46,331
343,5.04938306000329,14,331
342,11.82771805677033,36,332
319,3.5691638797310596,16,332
331,3.188463989626461,48,332
333,6.40756815602775,29,333
334,10.248136899846608,17,335
285,11.198223860987591,36,336
348,7.8981730307195175,21,338
350,3.4646093767580712,11,338
324,5.766736822210541,15,338
312,3.8373359725089338,12,339
341,10.492610703107928,24,341
325,11.731366572118283,45,341
327,4.326278472527106,1,341
351,3.2624220149205136,7,341
326,6.8259483164051105,33,342
308,5.852892574834933,0,342
339,7.680678147370183,42,343
337,3.2109916303432895,5,347
344,11.035313305278361,8,347
347,3.7828058389255688,27,347
349,5.059627248825109,13,352
338,11.39683261654468,15,354
354,7.414445941623439,39,354
352,11.596421356646792,48,355
355,7.149642274439103,44,356
357,10.144326091633797,22,358
340,7.255125691795675,32,359
358,5.066382533163261,2,360
345,10.445939790770982,1,362
353,10.8195378305704,41,365
356,10.819850120835172,40,368
395,6.470433086902348,20,393
374,10.65678816316015,19,401
391,6.933616113589058,18,406
363,10.383785478280647,3,408
370,11.452360845150656,31,410
383,4.1033337508214025,26,411
372,3.0451844513234856,38,412
382,3.377126520363566,26,412
413,3.5101683548321923,12,413
360,3.1430953920059412,38,413
437,11.629720334465969,23,414
371,11.108849504764338,31,414
401,11.930812878343907,20,414
420,11.7027370073919,42,415
367,3.796815658353396,38,415
368,3.2820615906497106,26,415
375,3.189443717951982,26,415
393,5.559217229646237,34,416
396,7.108975019902539,20,416
419,5.708926833941786,13,417
406,10.522089727351636,34,417
361,10.487621606248917,38,417
440,5.358297643523466,8,418
424,3.2412155063420154,6,418
414,5.626697470595252,12,418
410,7.438730092769417,35,419
426,11.076878252876124,36,419
387,5.2322142292804275,19,419
386,10.28412367450005,19,419
380,7.051374887397827,19,419
449,3.620796301815756,43,420
408,3.183084838819646,12,421
397,3.54489973076275,12,421
378,7.932160897757813,17,422
384,10.04613940796433,19,422
427,5.176274443397537,46,422
409,7.253418815049944,35,423
430,10.031303398380075,21,423
423,10.413455390782786,37,423
402,10.155550263094042,20,424
394,5.255923922854482,34,424
432,3.865729142244396,20,425
364,10.369319893139298,3,425
415,6.025321356562929,12,426
390,3.4370837422906546,18,426
431,11.531978407935998,31,426
434,3.2652782050573457,30,427
418,7.972085914854063,9,427
377,7.36657337047982,17,428
366,11.580649773553258,3,428
411,11.230900930118683,4,428
388,3.1362260742034573,18,428
407,7.514315218302314,34,428
435,4.666104923943562,3,429
392,10.697862262535029,18,429
422,5.345669232620827,39,430
381,7.465454195304511,17,430
417,7.9028459262694035,9,430
362,10.290117968399308,3,430
404,7.061165581773922,4,431
376,10.405036835453963,17,431
365,7.706729211600411,3,432
385,3.7639054349770418,26,432
359,3.5967702441552354,31,432
403,6.167930432332408,4,433
369,4.205799837334946,38,433
421,6.888638639416375,43,433
458,6.829546050474171,26,434
428,10.463466932296761,14,434
457,6.241064695047669,15,434
379,11.53813882873182,17,436
425,10.218837032827652,45,438
412,10.554084620513603,4,438
453,7.952857194044356,34,438
433,7.098021811709776,49,439
454,11.394928659321724,34,440
436,7.9695407663596525,48,440
398,10.126679241596403,20,440
416,11.655182058441278,35,440
405,6.656319668271328,35,440
439,11.208081805649456,22,441
464,4.86470933922622,10,441
400,7.188648220261113,34,442
450,3.0536012734781885,43,443
399,7.003457252864384,35,444
441,5.034662313630141,11,447
442,10.317567709410193,38,447
451,10.076284005243137,42,448
459,4.159008449534881,16,448
443,11.635916154361086,25,448
447,5.491962788316899,40,449
448,3.994335980027577,24,449
389,10.170320417671867,18,449
438,4.48873193828551,19,449
470,6.1519433392241805,11,449
445,3.105327035922249,28,450
460,7.554461578366831,30,450
455,11.475039850395707,37,451
444,11.888367365112623,25,451
461,7.386483014971448,0,453
446,7.115091526568998,28,454
477,4.4390449041381626,23,454
462,11.09040757620501,34,454
373,5.462480621529238,31,455
429,6.2606478790823115,21,458
466,3.3742459996765213,38,458
456,11.364559832335276,12,459
484,10.72451869448173,18,461
467,11.145629061111874,36,461
473,6.030466331271837,42,462
483,6.857204792328364,28,463
485,7.147156714182472,31,464
476,11.55111804883156,33,466
474,10.773658212134258,43,467
465,7.152102997489376,45,469
463,11.547680435787006,5,470
481,10.179655264947952,3,472
452,4.192213186015637,42,472
469,11.145625690473771,9,472
475,3.9847339493878557,2,476
468,10.784908657941191,19,476
471,6.805975007154849,21,480
472,5.8358699029648085,1,480
489,7.963499661085867,2,481
478,3.8769047174660396,39,483
479,10.78202924130146,14,484
495,7.107204810029291,39,486
486,6.673294933572593,17,487
482,7.372901820486735,22,488
480,3.8553062833467138,13,491
488,3.3119467689283706,48,492
487,10.579299186790186,19,493
491,6.330136876190215,2,498
490,11.906227414444542,39,502
492,6.86860304889511,39,503
531,11.354251151592461,46,519
552,10.724928024782372,17,523
532,10.561476427659446,46,524
533,4.500788732728962,6,524
550,11.945846282825267,0,525
553,7.9640546486288954,3,526
501,11.449909487762271,15,529
562,11.641078825315496,31,529
558,11.680526694571313,48,529
554,3.461798851081659,29,530
551,11.730938084436838,0,531
493,3.950120871433087,9,531
563,5.4511539955086326,34,536
571,6.08599480818274,37,536
539,4.279992798159229,6,539
547,10.53557203619388,41,539
540,3.2895329968139824,6,540
508,11.595821589457614,20,540
499,7.610646792515853,20,540
580,10.589468399825753,45,540
556,6.264139489893407,32,541
507,11.94618746236832,20,541
579,10.333350734947345,45,542
506,6.451915866273739,20,542
505,3.2332218189815047,42,543
529,6.051403137196056,46,543
494,4.151079240892379,15,543
511,7.338311711402156,12,544
513,3.586046796632344,37,544
557,10.243474405159128,36,544
524,3.6783572139411707,46,546
503,5.536011535765208,20,546
497,7.091861433540073,15,546
555,3.011875651086979,21,546
509,6.779720133747108,37,546
512,10.606868268872558,37,547
520,10.467045979849056,42,547
522,11.013580501597762,42,547
518,11.14588163661475,42,547
570,10.49935532087876,22,547
514,4.786180949066334,12,548
502,10.497340196521176,15,548
564,4.966456355745598,34,549
521,3.4032861409732296,42,549
515,10.057265991954077,12,549
561,7.355699383086073,38,550
537,10.384174006063692,40,550
544,11.033352108661175,27,550
516,5.0940673647267225,12,551
525,11.35534971325355,35,551
526,5.468669742116309,35,551
527,10.512207865362283,35,551
575,10.5444374800019,33,551
534,5.57087086201534,40,551
546,3.4599581894175158,9,552
500,11.96371171726283,15,552
572,4.168585517827548,14,552
538,5.36543008361385,27,552
498,3.1545270940650627,37,552
585,7.850883243722841,29,554
535,11.938968819008245,40,554
517,3.968503533301097,9,554
578,10.943455518061006,18,555
536,3.487869710605169,6,555
576,7.214690779561598,33,555
549,6.13473702718671,9,555
523,3.6191721642761423,9,555
541,7.484248687146474,27,556
510,6.159924527017945,12,556
543,4.028702253081041,41,558
582,4.198886146356992,19,558
560,3.055667803641824,25,559
496,4.3859294312215535,27,559
583,11.81788678427895,40,561
528,11.349236295388287,46,561
548,11.538261850276774,41,561
559,4.33318509546537,43,561
567,3.1731985053628997,11,561
577,6.667378902305743,18,561
600,3.6466190524365505,49,564
569,10.813101076744232,22,566
566,10.953343597543894,13,566
581,11.603083635645891,4,566
597,3.461416846857924,21,566
545,5.3138999210277476,41,567
587,7.702234625934841,20,567
588,4.956731630850354,14,568
601,11.114033362508007,19,568
565,3.606792151607898,13,569
573,10.792483843446341,44,570
586,10.742637463260296,11,570
574,10.551878616823723,44,572
519,7.573883702198925,35,573
592,4.704223972110828,32,574
594,3.507015275853031,8,575
595,11.164666183662495,27,575
606,11.344052322603744,30,575
542,4.507936083602521,27,576
584,5.36012673789137,40,577
504,3.90301491005218,35,577
596,4.8385728512838995,0,578
609,11.550980442113994,23,578
613,7.295857791684387,47,579
589,3.3768127792748364,12,580
530,3.7400576097852576,41,581
617,7.7925958013234204,18,583
568,3.216364524690505,11,584
590,4.2298954284608286,42,585
593,3.7793639045354297,36,587
591,6.781742802812042,22,587
602,10.338623439977665,29,588
607,11.957976391840573,38,588
599,10.267675263280024,31,589
608,10.025901602327057,4,589
620,7.748774893723467,42,589
623,6.636065794030218,31,591
598,6.3739792477448605,1,592
603,3.227909616950997,40,596
618,7.608934667515986,41,598
621,3.945125517491696,46,600
605,3.9692497322747577,6,603
619,11.053831720958566,19,603
604,3.2450365491974136,15,603
610,11.498479791566378,48,604
622,10.670673956167334,39,605
612,6.0138257167661955,12,605
614,11.903543578288476,8,606
611,11.210887345342718,7,606
615,3.5752110195957147,17,608
616,11.681033911763555,33,614
627,6.540465400290968,39,635
637,5.826231486550874,39,639
683,10.979942040279466,4,644
682,3.5934807156971655,3,644
666,10.703492828792996,20,648
653,6.219891523559591,20,649
672,10.20231039870787,40,649
687,11.027198802118832,38,649
638,3.8784178815024335,43,649
654,3.166056609849998,26,649
634,11.575487729315245,35,651
686,7.992311713852801,14,651
664,10.988135018053507,20,652
624,6.488577812771104,35,652
642,7.011101505741562,35,652
691,4.1336028037364185,40,652
667,6.3705971343842265,20,653
669,4.28610542514227,37,653
665,6.7031872537006985,26,653
694,11.82257062977378,27,654
635,7.984665496858249,35,654
631,11.294166134971489,3,654
626,10.603108238705227,3,654
643,7.120068947044972,45,655
657,10.494565543791188,22,655
679,3.1564277414625432,34,656
649,3.0499419190298744,43,657
633,10.963445832055482,3,657
663,7.578323494980156,26,657
658,3.1413011526495205,26,658
661,4.020637854720379,26,658
652,11.018605003036697,9,658
681,11.902025820062974,11,659
629,11.771976315497955,3,659
645,3.9914031991742727,43,659
625,3.7604810086918565,39,659
641,11.427775915626903,35,661
707,10.056639102584153,31,662
688,11.852492654230966,48,665
697,11.935374207612387,30,667
690,10.54218883912466,44,667
630,6.751523608640671,45,668
700,10.282979914499252,16,669
680,4.118024069816677,29,669
676,5.464225091233612,1,670
678,11.418442641295226,1,670
644,11.99988709732155,45,670
655,11.30239891125195,20,670
696,10.537979034158168,20,670
695,3.107156982424046,20,672
716,5.295896168780558,38,673
677,3.8765685557172915,1,673
717,7.927671828453793,21,673
656,4.956998722123822,22,673
639,6.090933389149237,45,673
671,6.5246678514241285,37,673
670,7.831048147666009,37,673
715,10.83826386621485,23,673
703,3.949912206593615,21,674
660,4.262472401687554,22,674
684,3.5910697561404072,36,675
650,10.504235030453268,9,675
647,6.125929206611671,9,675
675,6.4557591914302295,1,675
632,3.4288645874209216,43,675
705,6.277280632505471,46,676
720,11.25619879240797,10,677
651,7.511944835971029,9,677
659,10.688063578899287,22,677
640,5.1916381022490725,9,678
712,4.230981550595843,4,678
719,4.406429125075223,45,679
685,4.921124687973419,5,679
710,11.84497226204169,3,680
662,4.408702248842491,22,681
724,10.730098165734686,36,681
693,4.161967658328077,15,682
692,4.35002362456807,18,682
711,11.858345910599928,4,682
636,11.22096580815157,39,682
628,5.575383267063719,39,682
698,3.323173586379311,41,682
699,3.079896404159562,16,683
689,10.62220070618998,44,683
713,10.767567653651245,11,684
714,11.293328095409978,11,686
701,4.559879094986545,42,686
708,3.776518872191271,45,687
729,10.423464682404894,17,687
673,10.425202075547002,37,689
646,10.69301258199392,45,690
668,10.9470048230803,37,691
648,3.927229220107124,43,691
704,10.909911806885958,21,691
738,11.047696048361713,12,694
734,5.760656998592715,38,694
702,4.8526510055206895,42,694
725,3.65459077375943,0,696
706,4.4899400297081975,46,696
674,10.702994975034844,1,696
726,4.032898672567252,15,697
742,3.9881521600860235,8,698
728,3.471258719362792,4,699
739,7.575821411605144,10,700
722,11.175996283926883,33,700
718,10.978158507826162,22,701
745,3.1627496309375847,31,702
733,11.983511570130556,25,703
731,10.00021595800696,47,703
727,5.608322110904759,35,703
732,4.614142820075718,48,704
736,10.077440533611426,19,705
746,6.169992158130584,17,705
737,10.599373261733634,42,706
721,11.951180456422312,12,707
730,6.530690936685583,20,707
723,3.869175482802477,46,708
709,6.324176359322333,3,709
740,10.751361769235718,30,711
741,4.9822224408983855,33,712
743,10.715254279482101,46,715
744,10.461483180937108,29,716
749,11.032925456881326,22,719
747,3.751295038552803,3,720
750,10.188359607521436,40,721
735,4.630153780004157,7,721
752,5.895798717355988,38,724
748,4.396478296685933,4,724
751,4.985112100771018,18,739
765,4.142318711284593,37,756
788,10.145142210860447,22,757
759,11.363706818634943,39,759
755,6.982982167003461,39,761
764,4.428204997035429,37,762
757,10.21164559302219,39,763
794,7.4389033110508,35,764
810,6.579206556836619,40,764
811,3.2442375511853383,6,765
776,11.639467711062577,43,766
815,4.829341213003575,28,766
753,11.072256490425602,39,766
760,7.486164115830844,39,767
817,10.938701343609617,12,767
767,10.642182045201542,45,768
781,11.082372860852734,27,770
770,11.048324233139878,43,771
820,6.149168793554022,43,772
797,3.0017153802092023,11,772
754,6.861571576529522,45,773
785,11.50998108228237,22,773
787,11.823537264848088,22,774
808,11.501872958145455,11,775
763,10.118083642288978,45,775
761,5.836458495760966,45,775
793,11.384379725051748,42,775
826,7.666725316229849,44,775
772,6.717607008678293,1,775
774,5.272512828206702,1,775
806,11.660858934069884,26,776
809,11.216797385779552,9,777
758,3.230074715505431,1,778
796,10.54238104765529,35,778
792,10.60202697624857,42,778
768,3.7681972440540976,37,778
778,10.545342715886537,1,779
791,5.56014353889382,35,779
766,4.221090916781241,37,779
780,5.71124543454925,42,780
812,4.325125495488209,15,780
762,4.099317968447408,1,781
769,10.440201333652473,37,782
773,3.0190114383955935,35,782
777,3.4564623445532234,35,783
816,3.610783737982505,5,784
805,3.56088605811445,24,787
786,4.9756246671658815,24,787
828,10.623417926408605,16,788
775,4.627007931709275,27,788
824,5.725490615221796,20,789
804,11.24744557740674,26,789
800,6.810527885685081,36,790
819,3.475127999445485,43,790
756,7.629948563945776,43,791
823,3.5626419843003534,20,791
803,7.741407086224072,11,792
839,4.372162496486633,47,792
783,3.1316800251028143,41,792
802,7.123587100124749,26,793
841,3.8101320765556865,23,794
798,5.444486629762883,36,794
795,4.105303499108979,11,794
830,3.122125543905656,19,794
784,6.465943595188558,27,794
813,7.410471966760603,14,794
832,3.5001568398363623,37,795
831,6.99618529640382,37,796
836,10.724026913893471,42,796
818,11.090929047940012,32,796
814,3.5932657168224518,39,797
829,5.025494436780427,19,797
807,4.003616981573451,11,797
801,4.541966405019531,36,797
789,10.950508211811922,22,797
782,10.050804064720666,27,797
843,11.437698400046031,33,797
848,11.891213646255252,7,798
847,10.48517214782888,1,798
790,10.748116264710424,36,799
844,4.684459130011577,46,800
840,5.612644772091386,47,800
825,5.872630263533162,21,801
827,7.8459920784714114,16,802
779,3.477324939741836,36,802
837,11.039975897612944,49,805
833,3.449237796218016,31,806
821,4.611338671842632,17,807
849,7.347135886369001,22,807
799,4.3216976404574226,41,808
862,6.53282807550335,4,809
835,4.852416509795768,42,811
842,3.074092019524945,23,811
851,3.039275326536634,43,812
867,10.143554880341544,48,814
864,11.021060848314182,41,815
854,10.40676205681937,17,815
869,4.674171408274319,10,817
845,3.453162926122472,30,817
771,6.111273254067301,27,817
857,7.491434904907267,46,819
846,6.7967180466009935,19,819
874,6.762241442470501,23,819
856,10.382712303057664,35,819
876,11.632901562729897,31,820
838,3.5590178875440026,49,822
822,6.652209871260296,17,823
834,3.9112188088903403,31,823
863,4.46181924200652,36,824
865,6.587924649160129,1,826
853,7.465058132373618,3,827
852,5.753405666899743,44,827
880,11.74084553996075,38,828
850,4.457212387567129,38,829
855,3.1739022240698422,49,830
868,3.6021285287794167,29,831
858,3.2193755836112334,28,832
872,5.185253036863626,40,833
859,10.856720837928714,24,833
873,4.616942922648409,8,833
875,5.4088775786803875,19,834
860,5.809616105726057,15,835
861,4.598892837748393,33,836
878,5.540815863177104,4,838
866,5.399181537305576,7,841
870,10.726286181394352,17,847
871,10.37342487165674,18,847
877,11.744475786081985,3,848
879,3.6607983951279124,22,855
891,11.238671586306488,38,858
883,5.914724018781401,29,859
882,11.281259204925425,38,860
892,7.45825271609246,38,861
881,3.2150042488965735,29,862
887,11.236918685361708,38,862
893,4.339114047169463,38,863
885,3.546293199691317,29,868
906,4.449693532741664,27,876
904,4.1492924344779825,27,876
890,5.502626048214544,39,881
932,11.172621895843857,0,889
915,10.516759239955913,11,890
945,4.358119078980087,41,890
901,4.884131602028017,45,891
916,3.130927188282957,6,891
896,10.22483411600759,20,891
936,11.09507874499528,43,892
922,10.4242033822939,15,892
911,10.904909186046522,27,892
938,3.350910705866145,25,893
950,10.456497822894658,6,893
940,3.8533082240523213,49,893
939,3.3295050098896146,14,893
958,11.862560952846906,1,893
935,4.642065902201857,35,894
888,6.376819853865479,20,894
926,3.032425615787968,35,895
897,11.223588088300893,39,897
937,3.887784162676092,40,897
895,10.480992143776163,39,898
963,7.104791956975517,10,899
920,5.259874308320496,12,899
913,6.693407504758982,42,900
946,6.199675261486689,9,900
930,10.208089128632407,0,901
974,7.224258643988313,22,903
905,11.90418871460341,42,903
954,4.700644833823919,29,903
912,3.8668371647210606,12,903
925,7.0798801746137885,37,903
934,10.175365155532397,22,904
907,3.191115550430958,45,904
900,5.538672763793314,42,905
924,5.034924277345684,0,905
894,7.44877938223618,39,905
886,11.509699075413293,39,906
956,3.961037184764802,33,907
898,3.584444518121881,45,907
929,5.006632991439072,0,907
889,4.0193697956455985,11,908
908,4.976337138035076,45,908
910,10.316373958270159,42,908
953,10.502703801822959,29,908
909,7.273995779701913,15,909
957,3.612953051638558,48,909
933,11.05918898398261,12,909
973,4.297952142745177,22,910
899,11.608575731381539,20,910
955,6.26246181999686,28,910
965,7.737937683554289,45,911
967,11.209222044319628,31,911
919,11.773947870197897,11,911
944,5.426932393801273,16,911
923,10.625649223290727,15,911
903,11.531528827733913,20,911
931,11.0455924746317,0,911
942,6.961994202782007,17,911
966,11.850564282858718,39,912
941,6.022574115628331,21,912
964,6.666313604602501,34,912
928,7.322903926552269,6,913
970,3.3494340857508154,14,913
971,6.1982770628920285,7,914
977,7.575585373846126,2,914
902,11.180157497116063,20,914
949,7.856550148838478,6,914
943,6.316487315964004,30,914
884,4.203704078321813,45,914
968,11.586350941298573,31,915
918,11.133505940921468,11,915
976,7.196313623242262,11,915
927,6.330118985294029,15,916
947,4.167208274262439,27,917
917,10.03553235561672,11,917
951,3.2445458038067043,12,918
948,6.854688040933865,47,918
969,11.008717779910818,14,923
952,3.958697195886007,12,925
914,11.911846519602852,42,925
959,11.55947573301401,44,927
980,3.4176874773669375,45,929
960,10.481287838572143,44,929
962,5.538401071507705,40,930
961,11.145395598292057,40,930
921,7.047093315115172,15,931
978,3.5495079315884723,48,931
981,4.0919524581909705,8,931
979,7.6114868234209,27,932
983,10.050866446258764,41,932
982,7.89097066819815,0,932
996,7.837945865299366,38,933
994,11.12828692711058,16,933
995,10.272170460690901,44,934
987,4.146428343209486,1,937
972,10.341198922735707,7,939
975,10.993966654144621,16,939
991,3.83241582775235,19,940
1000,4.819489206457981,31,940
990,3.20110570800588,22,940
986,7.693897495096473,17,941
992,6.201945217048971,24,944
1008,4.606177079140249,37,945
997,10.844375748276843,7,947
984,10.755980267653188,23,948
1011,3.6054826735357217,18,949
985,6.779945527355764,9,951
989,6.9416098875027545,46,952
1013,3.6502496249412397,22,952
998,3.336733846512069,4,952
988,3.4469908814930204,21,955
1004,10.93797506774654,42,955
1006,5.0638137448760006,29,957
993,11.15714453375809,18,957
1003,4.430332127323412,15,958
1002,6.730970349335282,40,962
999,5.276158936079437,49,963
1012,3.7173592239019895,38,964
1001,7.926285595287149,3,965
1005,10.795378913879206,27,966
1007,11.679782721478169,10,971
1010,4.6356323440940415,48,973
1009,10.768685580653036,41,974
1017,11.596419056214248,29,977
1014,6.250903951730205,39,993
1021,10.667096085958713,29,994
1042,4.956705829647598,22,997
1041,10.57189020111393,28,997
1019,11.844574857339504,29,998
1015,11.93354860789969,29,998
1052,11.89356571865359,22,1001
1033,5.85997549451557,28,1001
1066,5.634457485101036,43,1002
1046,6.638734193215193,22,1005
1022,7.761911385133528,39,1006
1032,11.752797153420394,12,1006
1034,7.283602932558291,12,1007
1077,3.08901879680171,30,1007
1030,3.2478529100886795,20,1008
1059,6.246929153908812,26,1009
1026,10.865702267930951,39,1009
1068,3.1406021982024073,14,1014
1071,6.154360691557017,42,1015
1056,5.065152704798176,6,1015
1084,11.057918251748761,44,1015
1069,7.946949786911547,35,1015
1070,3.227958554837346,27,1017
1038,7.592795833397043,28,1017
1093,6.8432088579275625,24,1017
1095,5.23780460345229,5,1017
1072,5.347010569321265,17,1017
1028,10.728567972392813,45,1017
1088,7.9950701364331,16,1018
1073,4.299266004394296,39,1019
1029,10.426114561193412,45,1020
1023,6.924934059024256,45,1021
1074,4.959557698628917,23,1021
1102,5.993763708697264,40,1022
1078,4.549430583583,47,1022
1044,6.652146502535757,28,1022
1104,4.7437638624126635,7,1022
1031,4.904573002514633,45,1024
1064,6.620265537129124,0,1024
1079,11.910510698623611,32,1024
1036,7.94053045733239,12,1026
1016,3.8147873903020866,20,1026
1083,3.524652054179427,20,1027
1043,3.040929619204297,9,1027
1053,11.864661073110662,22,1027
1094,11.865525199310722,19,1027
1040,6.141861414613492,1,1028
1062,10.249705399688898,26,1028
1048,11.412851415680848,1,1029
1020,5.76956221472968,45,1029
1027,11.86347303144518,39,1029
1057,3.5438077219862736,9,1029
1018,3.587223854221167,20,1030
1085,11.018831667330355,11,1030
1035,6.538446939733809,1,1030
1092,10.21739375655787,38,1031
1091,5.090277225524929,38,1031
1061,7.299429964847966,9,1031
1090,4.748498170142815,46,1031
1063,7.054633768758128,26,1031
1045,6.889157966654563,1,1032
1047,10.495467427388244,1,1033
1075,3.8089556297385,25,1033
1067,3.4515353746333663,14,1033
1054,11.988701181000064,6,1033
1098,5.606733591078999,27,1034
1065,7.496616855422934,14,1034
1058,4.607843430117454,6,1034
1096,4.623853835625963,28,1035
1024,3.3460380166061756,26,1035
1089,6.346655785960952,46,1035
1087,11.186163273922139,16,1035
1055,5.2483374687323625,6,1036
1049,6.060344700217839,6,1037
1076,11.798197029668062,4,1037
1060,6.0949595568802675,26,1037
1109,5.653442123128903,0,1038
1097,5.994291093612751,27,1039
1082,10.678242206662468,34,1040
1080,7.3678586887951365,21,1041
1081,11.029473873425271,34,1042
1051,7.171532793764648,22,1044
1086,11.610470210183696,11,1048
1037,10.614000818801903,20,1048
1039,6.694161289642018,20,1048
1108,10.914958332307345,14,1049
1050,3.2204962614946955,9,1049
1099,4.435478101750196,29,1049
1103,6.518402158058594,15,1050
1112,11.163918553574714,17,1051
1125,11.494373743285157,4,1051
1101,5.268861558706165,31,1052
1111,3.116606265174024,27,1052
1126,11.147891657576224,22,1054
1025,3.2444330528938305,9,1054
1100,4.479656914242326,29,1054
1114,11.70838052609674,32,1055
1131,3.017379121122713,33,1058
1116,7.96611781827364,42,1058
1118,3.1255004374828825,7,1059
1117,3.2769522123672017,9,1060
1105,10.422656983663575,20,1061
1120,7.5330820370244895,34,1062
1135,11.803524561513694,3,1062
1110,5.925263186142772,44,1063
1107,3.9389044599728296,1,1064
1106,11.595255472451939,10,1065
1113,10.688822597007876,8,1065
1128,6.497707490872938,37,1067
1127,7.844186152558524,44,1070
1119,10.406197103928326,21,1070
1134,4.5750470276205775,27,1072
1115,3.684115375020227,16,1074
1122,6.167067968455929,40,1074
1138,11.2205712860892,48,1075
1133,6.0222438088229175,1,1075
1124,6.262111505239205,30,1077
1123,10.017059582210154,10,1079
1139,11.571025462599225,38,1080
1121,11.181706825576207,23,1081
1141,7.232895860351781,23,1081
1129,3.6510320956725018,41,1083
1143,5.041697282668547,22,1086
1130,11.466767643997187,18,1090
1132,11.598562667708316,12,1090
1136,3.158787713425312,42,1093
1137,7.900901740404935,31,1094
1140,10.596717737012572,10,1094
1142,10.945048565029134,4,1095
1146,10.092493608332761,41,1098
1144,11.879643506847511,41,1101
1145,11.517238818127355,29,1104
1192,5.801422702952492,17,1113
1189,3.7291228805279513,17,1118
1176,3.467258910398413,14,1119
1150,10.75156397589256,39,1120
1195,3.1163765171799955,36,1120
1154,10.214352109975051,39,1124
1204,7.1120706658055,0,1126
1205,10.201372724665543,22,1128
1159,4.750888970958107,20,1129
1160,3.921693370514676,43,1130
1199,4.263126040248066,28,1133
1164,10.348566714561315,6,1133
1180,10.302930696660397,15,1133
1221,3.071440396478316,49,1135
1186,11.901093270954346,14,1135
1216,11.869246990591806,32,1136
1203,10.163718154061078,16,1136
1224,10.757296240862916,23,1137
1218,3.0880736468651797,21,1137
1152,10.354045851611085,6,1138
1170,3.461279943128871,17,1138
1217,5.9441675582746445,17,1138
1158,11.290639848326972,45,1139
1179,3.9051674311805065,14,1139
1184,4.350432537064103,14,1139
1201,6.995859807448518,34,1139
1207,10.325770704104144,9,1140
1147,11.853169574424536,39,1141
1187,10.087015438016596,14,1141
1191,10.830649546186606,12,1141
1190,6.106713972522114,36,1142
1230,3.110425458125394,24,1142
1155,10.505019543882929,45,1143
1198,10.588286480564308,36,1143
1197,6.36615011724764,36,1145
1178,10.339274800350355,11,1145
1177,6.471319829181874,15,1145
1206,5.892936824660785,5,1145
1233,11.00488974308271,37,1145
1208,3.1516662479020696,19,1145
1162,3.395577334805206,43,1146
1151,7.467309543422782,45,1146
1185,3.2074679657022003,36,1147
1169,4.2513278441988245,43,1147
1181,10.749420105380903,15,1147
1148,7.554168422480417,45,1147
1172,10.506819950236471,11,1147
1182,11.56486468908799,15,1148
1157,3.686943677795465,43,1148
1171,10.048770799786793,11,1148
1165,11.574938759409468,20,1149
1161,6.416403460984405,45,1149
1175,11.125006935088479,11,1150
1215,11.675560700051413,32,1150
1166,4.60155715762806,20,1150
1214,10.971916888699406,47,1152
1225,4.143961882092734,31,1152
1222,11.345547986569798,29,1152
1200,11.866043979349689,35,1153
1202,3.4368256853023498,38,1153
1213,4.373382668512415,47,1154
1153,4.674973248130179,6,1155
1241,10.134392719291071,1,1155
1168,3.195313021178299,43,1155
1193,6.992573012865482,17,1155
1227,4.741490511846299,4,1156
1183,11.470347502620749,15,1156
1167,7.534713985198801,6,1156
1231,5.56277417501799,27,1157
1196,6.264610893080903,12,1157
1210,11.574737523811114,40,1158
1163,6.904663560111515,6,1158
1174,5.669895629485714,12,1159
1234,10.610970870726488,13,1159
1156,11.488369100616415,39,1161
1219,6.08725628712701,8,1162
1245,7.097133834518813,43,1163
1244,11.761425294987534,13,1163
1247,5.064530321749198,24,1163
1223,3.459183479668258,41,1164
1212,11.63530715929459,10,1164
1246,3.0963805138243488,29,1164
1226,10.519868532762711,3,1165
1149,7.045619961277097,39,1165
1235,11.421632205040728,20,1166
1236,3.358527331986831,48,1166
1220,3.580762054942703,7,1166
1237,4.067370068153583,16,1168
1173,11.087593789946467,11,1169
1232,6.782426351227106,42,1170
1229,11.305431388188403,26,1170
1238,11.459142727322227,36,1170
1194,7.936463030811062,12,1171
1253,5.533539721839649,37,1171
1228,4.105201373496932,34,1171
1255,11.225660376438986,45,1173
1209,5.747451364995705,40,1176
1256,4.509704814042902,4,1177
1260,7.096754647822896,22,1177
1248,10.147242884537432,12,1178
1242,6.095995731859723,19,1178
1239,10.034290829717914,47,1180
1261,11.67628330840983,17,1181
1249,4.089575243676813,31,1181
1254,3.8906323511961958,28,1181
1266,11.567203222652875,23,1183
1252,7.898472417553441,40,1184
1188,6.138598718034292,12,1185
1211,6.057024790613051,10,1186
1270,11.684913051256425,28,1186
1243,3.7430109543014205,30,1186
1240,3.3781765111304396,41,1187
1258,11.2440157810862,34,1187
1257,10.548155062263174,7,1188
1259,10.697184603642016,32,1189
1262,4.8080521724922916,27,1191
1273,7.899914541110741,10,1193
1250,5.777023069538062,3,1194
1263,11.42536625427565,29,1195
1251,10.782084236428766,18,1197
1268,4.351168503584953,40,1198
1269,7.154813042097185,18,1202
1272,11.57075113654738,31,1203
1271,11.728452393783797,38,1203
1275,5.076126818065971,3,1203
1264,10.261515861673486,46,1210
1267,5.313612532050261,12,1211
1265,7.904390082981341,41,1213
1277,10.878665786358484,22,1221
1279,11.436159602415232,22,1224
1276,11.396109928782995,4,1224
1274,3.743690553989104,3,1225
1293,4.941056095585692,39,1229
1286,4.553486742541168,39,1229
1281,11.4927071024855,29,1229
1283,5.733656643880797,29,1231
1282,10.2543071494621,29,1231
1278,3.2670258141697346,11,1232
1289,11.906631152347726,38,1233
1280,4.045629774683702,29,1234
1290,11.878449692100418,38,1235
1324,3.65788819684883,27,1236
1325,4.11101431076886,49,1239
1326,10.307827498142306,22,1239
1335,3.0537358913161157,30,1247
1300,7.026349099361154,11,1248
1285,4.344060378521516,11,1249
1339,6.115918597781594,11,1249
1306,7.520368087187247,41,1249
1294,10.846994272662041,39,1249
1327,3.1334579905915954,21,1252
1301,7.0444632042411275,11,1252
1322,10.978848030111168,6,1252
1317,7.793777904895804,44,1252
1337,5.965957448803692,5,1252
1307,3.1262044721342717,14,1253
1305,3.459408440593789,14,1253
1319,11.625589459548028,6,1253
1316,11.61641355084758,44,1254
1341,6.241439022666738,28,1254
1328,10.552634663704188,35,1255
1331,3.497141608328076,16,1255
1332,11.251608518248029,12,1255
1291,11.582062529615088,38,1256
1288,10.57425894885078,43,1257
1304,3.8501369673280497,11,1257
1321,4.379841879571858,14,1258
1308,11.313816786629573,41,1259
1299,3.492144752399542,44,1259
1315,5.985514380657432,44,1259
1284,10.942174043406999,38,1260
1313,11.7780368647056,15,1262
1338,7.9637532137330815,0,1263
1314,11.124814576132271,15,1263
1292,10.374846841522734,43,1263
1298,3.806619157093733,43,1264
1363,4.947015873874371,42,1264
1333,11.071628811748619,34,1265
1340,6.68038212366268,37,1265
1323,6.179444743854228,6,1266
1311,5.7137777184506096,6,1267
1334,4.9455081409365835,9,1269
1347,3.497102923284043,7,1269
1310,4.1999190844224845,15,1270
1303,3.5745165272295982,15,1270
1329,6.746875910773756,2,1271
1343,7.255098475972586,13,1271
1342,6.4848012295471715,28,1271
1348,7.018608068666292,7,1271
1355,5.720771613906916,6,1273
1358,11.762358675885045,2,1274
1318,4.7916511599657365,14,1274
1312,3.9677910049120317,14,1274
1356,11.625905400371572,6,1274
1309,3.514522900893724,41,1274
1336,10.461016290362819,45,1275
1364,11.807951681692137,21,1275
1330,6.93071040154968,20,1275
1302,3.0498995287470527,44,1276
1357,6.203862438350745,2,1277
1360,3.7893051841551983,27,1278
1295,7.251166877203437,41,1278
1346,5.092895527834759,25,1278
1359,11.133400561421578,27,1279
1287,4.729464238793779,41,1279
1344,6.277348734934991,8,1280
1345,4.9005560148341125,25,1280
1372,10.868555548774154,48,1280
1297,5.738934790315966,43,1281
1296,11.968630296557592,43,1281
1350,4.579469417582034,47,1283
1352,11.488564105984839,32,1283
1365,6.3661870260752975,17,1284
1353,4.247575367229954,41,1285
1354,11.87359006391483,26,1285
1349,11.727038708570785,47,1286
1351,10.256736097127101,32,1287
1320,10.58197456902221,6,1287
1380,11.423481438977204,47,1287
1366,3.960570179996143,12,1288
1361,7.2489089457169635,29,1290
1368,10.616274019796894,40,1291
1374,11.768724134635056,43,1296
1373,3.5982772045202633,31,1298
1377,5.382349969235405,22,1299
1367,6.140881568882968,34,1301
1386,3.5368369585244888,16,1305
1369,4.757344833190244,11,1305
1387,7.378083934230881,10,1306
1371,10.223798030113823,46,1307
1370,7.027478922308626,37,1308
1390,10.024185078961386,18,1309
1375,5.397777335656846,0,1310
1362,6.910438793817578,29,1310
1392,11.463298051938224,29,1311
1389,6.066645174284831,36,1312
1376,3.2117862169588722,27,1312
1382,6.806240838640809,45,1313
1393,3.435274068114036,4,1314
1394,10.848481609041526,48,1314
1381,7.143615373219451,30,1315
1379,4.02726879224695,41,1316
1383,3.2286170175901128,32,1317
1397,6.529226198436282,38,1317
1384,4.621864780480662,12,1319
1378,11.50498944847572,6,1320
1385,10.083986334144646,34,1321
1399,3.7574107222251767,22,1321
1388,6.041232996775504,23,1322
1403,3.660035264769946,10,1322
1404,7.617720363923878,23,1325
1395,10.208616369434807,43,1326
1391,10.262291575743424,40,1329
1412,7.798504029157538,29,1331
1396,11.123984162406561,28,1331
1398,10.34070245906653,3,1334
1400,6.044933413896226,46,1338
1402,5.399696980614923,10,1342
1401,4.17108107311744,10,1342
1405,7.690285752484394,23,1345
1409,7.735782638334765,29,1347
1407,10.34053098603193,29,1349
1445,11.023286881264312,20,1360
1452,3.9804478579919635,19,1362
1436,6.228022705787545,20,1364
1419,11.360493882076547,27,1364
1463,11.015205052466825,2,1365
1411,11.7242092866303,29,1370
1434,5.335609426486563,35,1371
1423,10.724093435313682,39,1371
1447,11.632376642914082,49,1371
1425,11.448058519732674,41,1372
1478,5.807236630368339,24,1373
1474,10.926885303331279,3,1373
1414,11.101795929252326,39,1375
1454,5.100674615427645,11,1375
1449,11.543223849731275,49,1375
1482,10.350911887275464,4,1376
1460,11.976135231120903,37,1377
1459,11.809578834870738,4,1378
1461,6.844295006005677,32,1378
1432,6.007854597015147,35,1379
1441,5.285855892673263,20,1379
1451,10.932307751015946,11,1379
1489,5.922618798559805,5,1380
1464,11.936845562172662,36,1381
1406,7.121365867428711,27,1381
1420,3.4179200208804414,20,1381
1467,11.512246209901576,48,1382
1431,10.267585023052902,12,1383
1465,4.616551381266664,12,1383
1457,3.070605860491987,19,1384
1417,5.947691780556841,41,1384
1433,4.121075525245181,15,1384
1470,7.624848702639158,9,1385
1429,11.074887509285201,12,1385
1490,10.966424956648023,5,1386
1427,10.22998553855701,12,1386
1416,3.4602283327245953,20,1386
1410,5.261101391392614,27,1386
1415,11.732287216074665,27,1386
1408,4.440072123364649,41,1386
1484,11.569340289321314,45,1387
1473,6.518542335341351,8,1387
1428,11.564688301390518,12,1387
1437,5.137431383145313,15,1388
1413,6.671366697682461,41,1388
1453,4.804232302615218,34,1388
1440,11.786910282700036,15,1389
1455,11.720583149488712,34,1389
1421,10.589357849546536,39,1389
1469,11.211411419964778,9,1389
1442,4.071845204845621,34,1390
1438,6.310186433538178,15,1391
1422,3.626953135592858,13,1392
1424,11.127595218245995,41,1392
1485,7.50250181370725,7,1393
1462,6.706606418529972,30,1393
1497,4.973737253186874,18,1394
1443,10.344000226695734,49,1394
1496,11.574176462428545,48,1395
1458,5.1549774454442865,13,1395
1439,11.929515984519844,15,1395
1418,4.359321179827292,11,1396
1466,6.621845918738497,16,1396
1448,3.410777836496307,19,1397
1468,4.897604189620283,22,1397
1450,11.004060830843894,49,1397
1430,4.942105740157703,35,1398
1456,11.165178276440601,13,1400
1504,3.087502199287726,19,1400
1475,5.795226566270448,39,1400
1501,4.966338150197984,24,1401
1483,5.2366355265836635,10,1403
1446,11.768921588709976,49,1403
1477,11.403337947418978,20,1403
1472,11.513960058058347,46,1403
1476,11.499052217510334,23,1403
1444,4.854762008990869,11,1403
1486,4.642327759272147,37,1404
1507,7.965132829736467,36,1405
1509,3.9900196469665645,7,1406
1513,7.782945744075618,29,1407
1480,10.97399452647752,18,1407
1471,11.62013983160208,46,1407
1487,10.328063267322648,28,1408
1492,4.49638857771736,42,1408
1500,11.311724668177678,8,1408
1481,4.856200227574539,41,1408
1488,4.563849214863152,14,1409
1494,11.605919358812324,47,1409
1498,4.0462977920618854,37,1410
1491,10.256044185820187,33,1410
1479,10.542849139675841,18,1411
1503,5.999856948124261,45,1412
1502,5.894344491790655,4,1412
1508,5.925743971921561,46,1418
1435,11.038275817857011,35,1418
1519,3.889558576360562,45,1418
1505,5.2074467359335,38,1419
1523,4.679495634957967,43,1420
1495,10.749052775810181,0,1421
1426,7.855184535003289,35,1423
1499,4.76192187178328,13,1424
1527,4.380181258509365,37,1424
1493,6.827643963937932,47,1425
1518,11.785271154393616,13,1427
1528,10.782523752348862,48,1427
1522,4.920979108077918,3,1433
1506,4.823009456021179,10,1433
1511,3.073678393074159,30,1436
1525,11.08694634084569,1,1436
1514,3.3000673934311897,12,1437
1512,3.065873323831532,33,1437
1510,4.4919062745703755,40,1438
1524,3.0475684306653075,46,1438
1521,7.81358400231573,18,1440
1517,11.76031250571958,44,1440
1516,11.789573590023858,22,1440
1526,11.76617426275361,4,1440
1529,3.5949242845935365,23,1441
1531,10.255870884059592,28,1441
1515,3.0391288859891548,31,1443
1520,5.877381147472683,21,1444
1538,5.827461822901954,3,1450
1541,10.560076860448346,3,1452
1539,10.228920875281787,3,1452
1533,7.561278870075966,40,1456
1532,5.811106607101608,38,1462
1530,10.559386542296116,29,1463
1540,10.75728733043012,3,1471
1565,4.695235520496164,36,1478
1534,5.37514295855674,39,1479
1587,3.2563323909201993,43,1481
1592,7.564843260085636,12,1482
1575,5.569666440550494,15,1487
1584,7.776874660161425,34,1490
1551,11.362461502012053,49,1491
1589,3.8204181979007843,41,1494
1571,10.212450043292224,36,1494
1561,11.906961008200135,35,1495
1581,3.403374083040137,25,1495
1569,11.911473591441581,36,1496
1568,10.1617525049534,27,1497
1591,10.316522587044684,19,1498
1560,3.024760597165913,34,1498
1616,11.496147302081779,24,1499
1554,6.780475531045603,20,1499
1535,11.884053935658464,41,1499
1548,7.734273195692696,39,1499
1536,4.406819407896299,39,1499
1572,10.65159149298676,36,1499
1622,10.690816603977666,33,1500
1552,10.792414472989885,35,1500
1614,10.340099086222635,49,1500
1545,5.584149280212699,20,1500
1550,10.79397439294691,39,1501
1543,7.069778423443946,39,1501
1547,11.43667549247113,41,1501
1618,11.875833541623468,26,1502
1555,10.062664805997398,20,1503
1599,7.670515585516155,36,1503
1601,3.8335694763292723,47,1504
1537,3.0505483084727585,35,1504
1574,4.338980767773588,15,1504
1598,11.679225316214819,14,1504
1580,10.111058137848762,11,1504
1600,4.674219040353881,4,1505
1617,11.975362280522274,26,1506
1579,11.550859472277688,11,1507
1562,7.3584147284500165,35,1508
1603,11.575876616290525,32,1508
1563,5.209327590207414,35,1509
1608,4.238938473855132,44,1509
1557,5.5641583859942685,49,1509
1564,3.404725146638584,11,1509
1553,3.3758915165394896,11,1509
1576,4.714236918065296,15,1509
1583,10.148460109884534,6,1509
1602,3.1652839460900837,47,1510
1590,6.4097052792811855,10,1511
1558,5.435436798996147,49,1511
1573,11.270338911976872,36,1512
1578,3.068079069210367,15,1512
1607,7.130576255356366,44,1512
1556,6.241023033868174,49,1512
1613,4.991793155710557,34,1513
1567,11.358109535888133,27,1513
1570,3.2509625757090164,6,1513
1577,3.046438975425723,6,1513
1549,6.960138503338902,49,1513
1615,6.708654997911111,25,1514
1621,6.495262046952103,8,1514
1595,3.54616032742919,42,1515
1597,10.942464003068451,20,1515
1594,10.666985144553614,9,1515
1582,10.535562981418165,11,1515
1593,11.946789386573139,5,1516
1626,3.4250353456131526,1,1517
1544,5.178983708336926,27,1517
1559,6.051545189452466,27,1517
1586,5.852648770162981,34,1517
1588,10.985175666304746,34,1518
1596,10.152559306411955,39,1518
1542,11.238942001268423,41,1518
1566,10.617713100127421,27,1518
1631,10.184338426261851,34,1519
1624,3.5985377017012246,38,1519
1620,3.7119047627804056,22,1519
1604,4.575392724831499,17,1521
1612,10.571374762054395,41,1521
1623,5.948217153431774,38,1522
1605,10.827250884954546,0,1522
1637,6.80358044048667,20,1524
1606,11.203984134939018,0,1524
1611,4.5459569030048215,46,1524
1610,11.425424242862166,43,1525
1546,3.9490648412685907,15,1527
1609,7.649105844553338,43,1528
1628,4.331020634124201,7,1528
1642,11.41566482491074,35,1529
1585,10.508152367315041,34,1533
1648,11.618374684124332,9,1534
1619,11.42146444139739,22,1536
1625,11.75737142518376,10,1538
1636,10.85561509197556,37,1538
1640,11.75486007180647,38,1541
1654,10.50392152020856,3,1541
1638,11.027295281771293,43,1541
1655,4.333274917732907,48,1544
1643,5.493654760802226,29,1544
1629,11.234995066479083,0,1545
1632,7.0110559333864995,31,1546
1634,7.80560258740196,8,1546
1630,11.413504778037643,45,1547
1657,4.768941120834881,43,1548
1646,10.68440393891496,24,1548
1633,4.686606502256482,5,1549
1627,11.258249805133962,23,1549
1635,11.521438746597426,41,1551
1650,4.714119763690329,10,1551
1649,4.450592010663344,13,1551
1651,5.8081633863676085,4,1551
1656,3.0265473270915684,47,1556
1639,4.085230443180531,6,1556
1659,3.2651424764252917,38,1558
1641,11.391281651418197,21,1559
1658,4.697722176703323,17,1560
1645,6.601411296684468,36,1560
1647,3.8366810243399994,2,1562
1644,10.622905910168729,12,1563
1662,7.854268280404037,23,1565
1652,10.650614050112349,41,1565
1653,11.55689894987071,45,1571
1661,11.289217323484351,18,1573
1660,7.44999887412274,29,1577
1690,6.304624855387695,15,1599
1671,6.291918302707461,15,1599
1723,7.392851888865482,28,1605
1675,11.247337026278405,39,1606
1725,6.6148685528932205,27,1610
1689,11.054907746972935,15,1614
1674,7.161720848478092,11,1614
1716,3.149683249500135,24,1616
1718,6.595790501397543,24,1616
1738,3.8329869580695575,25,1617
1708,6.810645647068162,36,1618
1727,11.649417515821643,8,1619
1724,5.71055474742743,14,1619
1736,11.655890027820252,15,1621
1665,4.6762354931139285,49,1621
1749,3.6977441521478487,35,1622
1673,10.662706314725645,39,1622
1667,10.960243130271824,49,1623
1663,11.375872864059932,49,1625
1666,11.996922566438961,49,1626
1729,11.998007540582694,46,1626
1734,6.050013157747461,32,1627
1677,10.949690604977778,39,1627
1737,3.0489390792583553,40,1627
1676,7.787708193192077,30,1628
1670,10.172631877039612,49,1628
1728,11.346274534994908,16,1628
1688,11.882554271881403,15,1629
1741,11.41694042167245,39,1630
1683,10.406127348886873,30,1630
1714,3.9561479289029897,35,1630
1685,3.6871300613310187,41,1630
1682,4.730153644168261,41,1630
1705,6.6560412412676815,5,1631
1703,11.534785814644067,5,1631
1678,10.602992877197307,11,1631
1684,7.5137941516908535,30,1631
1692,7.923234953322247,41,1632
1691,4.123610447721623,15,1632
1747,3.788153040385186,10,1632
1746,4.12603406696519,45,1632
1721,5.000796783094788,24,1632
1757,7.177252980397745,42,1632
1755,10.11166650261099,49,1633
1744,3.6713370259298816,4,1633
1735,3.051539309937384,15,1633
1706,3.3017382898504444,5,1634
1758,11.254551175337777,39,1634
1696,11.091029254099075,41,1634
1713,11.742748157802938,34,1634
1681,10.4925075097019,11,1634
1669,7.788242842621961,11,1634
1694,5.789690428476806,19,1634
1679,6.308892101402408,11,1635
1709,3.9203054846011027,36,1635
1745,6.542868363294187,0,1635
1751,3.4582055069159194,24,1635
1726,10.541143305866546,44,1636
1754,4.556145759043158,14,1636
1743,6.9974569788485805,4,1636
1672,5.052450084641082,41,1636
1699,10.585991596873983,19,1637
1717,10.076025135581249,31,1637
1686,11.409408639662795,30,1637
1695,10.812431298167688,19,1638
1742,10.865533277757589,39,1638
1711,10.659084403100302,34,1638
1731,10.099079288421594,37,1638
1750,7.169938443301578,35,1638
1707,3.525229023372624,36,1638
1722,5.6056433314648455,31,1639
1712,6.56318532745242,31,1639
1698,11.445056549237341,19,1639
1759,11.988208377703879,20,1640
1715,6.780514181959999,34,1640
1702,4.2695234768765316,36,1641
1719,5.533969058895439,24,1641
1668,7.912677433042139,39,1642
1768,3.3865672063716015,48,1643
1710,10.8541997826046,36,1643
1680,5.706853608220184,19,1643
1765,10.556704567291167,16,1644
1730,11.171770109560896,46,1644
1733,10.634032618645692,32,1645
1687,3.50272115860035,35,1646
1739,3.4860661821961427,38,1648
1752,11.576525750172976,9,1649
1773,3.617640396028078,8,1650
1701,5.352335760024092,35,1650
1760,3.626147133869421,28,1650
1704,5.4634393820313,5,1653
1697,10.732828137112762,5,1654
1700,6.171173317516998,34,1654
1720,10.960165597438477,24,1654
1664,4.3404010197132035,30,1654
1777,4.439979751931739,4,1654
1748,7.7352059453262045,3,1655
1763,5.621912813444096,23,1655
1740,3.2438788352869983,38,1655
1764,3.4645991323025385,27,1655
1756,7.6570080081699095,2,1655
1775,10.713894860052786,36,1656
1693,7.682988716411348,34,1657
1732,3.7318056478954293,37,1658
1782,7.736478276000806,3,1660
1769,5.6573185353649444,40,1663
1761,6.712858216372531,6,1664
1753,3.5513240497037395,14,1665
1776,3.077649075742976,21,1666
1762,3.434156867892148,7,1667
1789,11.65005132830208,40,1667
1774,3.782330256033542,12,1668
1791,5.054316559009035,29,1668
1781,3.213836078747548,19,1669
1767,11.376570674385466,33,1670
1766,11.910630016244454,44,1671
1783,6.667951726313641,18,1672
1784,11.448433420740805,43,1674
1785,6.890132168724641,6,1674
1803,11.24594923168905,3,1676
1770,6.658944990616914,38,1676
1772,11.821437118365443,24,1677
1771,5.885280335633643,31,1678
1786,10.366084308627661,13,1680
1790,3.34986402367137,17,1680
1788,11.164887668279313,37,1681
1779,11.844528514281494,9,1682
1780,6.70523347287879,1,1683
1778,7.24201574887328,7,1684
1787,10.144478488584788,33,1689
1799,11.953859945180731,3,1690
1794,7.872780123122624,3,1692
1793,11.990238407500671,41,1696
1792,3.4191142247573754,24,1699
1798,11.628788399354594,3,1710
1797,4.899281710209933,29,1715
1832,11.188000830351736,30,1715
1801,11.950146996697896,29,1716
1796,3.7939125596446757,29,1716
1795,3.7333547249626275,29,1718
1838,6.922690146561571,5,1719
1842,7.2857858298950475,27,1722
1851,10.278534323855745,47,1724
1830,4.388427999749016,5,1725
1850,4.286707965458492,14,1725
1853,10.497093674831806,38,1728
1856,3.6840895807612277,23,1728
1811,11.265450335184257,34,1728
1809,10.067304499529735,34,1729
1844,4.5801536148005955,27,1729
1839,3.794172719872518,5,1729
1805,7.903890479578907,34,1730
1813,10.704236761025403,35,1731
1802,6.1282458986152815,34,1731
1836,3.768488166072459,45,1732
1841,5.287098830196289,48,1732
1829,7.65436047898863,30,1732
1846,3.681991453285566,45,1733
1806,6.668107831298951,34,1734
1863,5.591789101216545,7,1735
1843,11.6354128229879,2,1735
1840,11.620073913391295,2,1736
1800,3.388738029991524,29,1737
1847,6.811303716643765,2,1738
1877,6.524045223867472,48,1739
1854,3.8174132370463854,0,1741
1825,6.006231052575593,11,1742
1880,6.200549814806494,14,1742
1816,11.604020886709964,49,1742
1808,10.491884034855945,25,1742
1804,11.947197482134174,25,1743
1807,11.67929450079112,25,1743
1815,5.637163410391351,49,1744
1878,5.376581019855506,48,1744
1860,11.614271231797591,41,1746
1819,10.537701174096235,49,1746
1837,5.551407197949717,27,1746
1864,7.883096693993835,46,1746
1824,4.480681205709839,5,1746
1810,11.762836616674772,25,1746
1817,10.309626038991768,49,1747
1833,5.623678650723361,11,1748
1828,6.593150359912478,27,1748
1822,10.295494262144427,35,1748
1823,10.763457491172174,35,1748
1866,10.428540904061423,13,1749
1862,10.45352552938012,16,1749
1872,7.614613992932197,10,1750
1814,5.390722063659163,11,1750
1835,6.232361475228847,11,1751
1834,5.106163828366533,27,1751
1827,11.89903825647242,35,1751
1849,11.186631310178862,28,1751
1873,3.830738113475656,19,1752
1845,4.979765518322579,48,1752
1831,6.985746216682065,11,1752
1820,10.414919012883109,35,1753
1868,7.691326329284372,39,1753
1852,10.0739409617776,15,1753
1855,11.422493669106336,26,1753
1821,4.279659219418313,30,1753
1848,6.646610164298571,2,1755
1881,10.706350783966638,30,1755
1874,11.439093045563459,24,1756
1857,5.28135167011571,32,1757
1892,11.238648583355745,45,1759
1859,11.372810744307582,12,1760
1861,3.8832800981590845,44,1760
1858,11.076010540207642,31,1761
1818,11.973614481803022,49,1762
1869,3.507111836611649,36,1764
1871,7.031296587414122,43,1765
1870,11.879958680155475,35,1765
1812,11.790803640429361,25,1767
1889,10.202858131963085,6,1768
1876,7.281624790768822,28,1769
1875,11.995143628288044,28,1769
1879,10.670775950137267,5,1769
1891,10.378018204730386,21,1770
1865,5.384526063226347,13,1771
1888,7.096794998553291,40,1771
1890,6.927415570823403,19,1772
1867,7.8517144574461,39,1772
1904,7.435547150171571,7,1772
1893,5.047076951435146,8,1773
1883,3.431635147871945,15,1773
1826,3.8477678814083798,48,1773
1882,10.28670398277228,34,1774
1894,11.996939198950903,9,1775
1884,11.615431866724942,15,1775
1886,10.700059915756661,29,1777
1898,4.832298936617512,23,1778
1896,7.62664557075116,3,1778
1901,10.695570962837827,18,1779
1897,6.564468577722073,22,1779
1885,11.071599910564721,31,1782
1887,11.194322013238107,33,1782
1915,4.126186533781686,21,1784
1905,11.620929248066908,37,1788
1907,3.0508622458284504,12,1788
1906,11.31937217653593,24,1789
1911,5.423766116394354,43,1790
1903,10.581462600058686,16,1790
1922,4.735441232184725,37,1790
1895,3.1595543499669656,1,1791
1923,10.425064063579416,24,1793
1910,11.35242743584427,2,1793
1918,11.522143517804476,10,1794
1912,3.150657707768331,48,1794
1913,7.219778921478023,22,1795
1899,11.813670979231595,30,1795
1902,11.728734255169432,4,1795
1917,7.969872485140893,18,1797
1900,10.294179060247087,28,1798
